INSERT OR IGNORE INTO tenants (id,name,slug,type,subdomain,is_active,created_at) VALUES ('t_default','Default LMS','default','semester','default',1,'2026-01-15 08:00:00');
INSERT OR IGNORE INTO tenants (id,name,slug,type,subdomain,is_active,created_at) VALUES ('t_sma','SMA Negeri 1','sma1','semester','sma1',1,'2026-01-15 08:00:00');
INSERT OR IGNORE INTO users (id,username,email,display_name,role,is_active,tenant_id,created_at) VALUES ('70f8182a9ddf4df3899d2f9c36d8561f','admin','admin@school.com','Admin','admin',1,'t_default','2026-01-15 08:00:00');
INSERT OR IGNORE INTO users (id,username,email,display_name,role,is_active,tenant_id,created_at) VALUES ('21f2215633f242b7b9314dc78d2562d3','guru1','guru1@school.com','Budi Santoso','instructor',1,'t_default','2026-01-15 08:00:00');
INSERT OR IGNORE INTO users (id,username,email,display_name,role,is_active,tenant_id,created_at) VALUES ('1105159d77384c639afe85d52bf9f9ff','guru2','guru2@school.com','Siti Rahayu','instructor',1,'t_default','2026-01-15 08:00:00');
INSERT OR IGNORE INTO users (id,username,email,display_name,role,is_active,tenant_id,created_at) VALUES ('f4d860c2394c432aa80a24ed86efa69a','guru3','guru3@school.com','Ahmad Fauzi','instructor',1,'t_default','2026-01-15 08:00:00');
INSERT OR IGNORE INTO users (id,username,email,display_name,role,is_active,tenant_id,created_at) VALUES ('e7984b285ffd47c898b7e35ddb8a3a8a','siswa1','siswa1@school.com','Adi Pratama','student',1,'t_default','2026-01-15 08:00:00');
INSERT OR IGNORE INTO users (id,username,email,display_name,role,is_active,tenant_id,created_at) VALUES ('4eb6baa3d7984a6984bdb3a65198a90c','siswa2','siswa2@school.com','Bunga Lestari','student',1,'t_default','2026-01-15 08:00:00');
INSERT OR IGNORE INTO users (id,username,email,display_name,role,is_active,tenant_id,created_at) VALUES ('d503410b926348deacea2a8c6e5005b2','siswa3','siswa3@school.com','Citra Dewi','student',1,'t_default','2026-01-15 08:00:00');
INSERT OR IGNORE INTO users (id,username,email,display_name,role,is_active,tenant_id,created_at) VALUES ('48f74bce345d402a9549add3df88f5f4','siswa4','siswa4@school.com','Danu Wicaksono','student',1,'t_default','2026-01-15 08:00:00');
INSERT OR IGNORE INTO users (id,username,email,display_name,role,is_active,tenant_id,created_at) VALUES ('e2091056354647c39f68b5ec496d7c02','siswa5','siswa5@school.com','Eka Putri','student',1,'t_default','2026-01-15 08:00:00');
INSERT OR IGNORE INTO users (id,username,email,display_name,role,is_active,tenant_id,created_at) VALUES ('e2dc02b4cc594dcb9f42eda85a46af1d','siswa6','siswa6@school.com','Farhan Maulana','student',1,'t_default','2026-01-15 08:00:00');
INSERT OR IGNORE INTO users (id,username,email,display_name,role,is_active,tenant_id,created_at) VALUES ('91798a5fd82b4f7ab67eab5e57c072a4','kaprodi1','kaprodi1@school.com','Staff Kaprodi','admin',1,'t_default','2026-01-15 08:00:00');
INSERT OR IGNORE INTO users (id,username,email,display_name,role,is_active,tenant_id,created_at) VALUES ('be4de57c83914ff78f197dd90d3a346a','dosen1','dosen1@school.com','Dr. Andi Wijaya','instructor',1,'t_default','2026-01-15 08:00:00');
INSERT OR IGNORE INTO users (id,username,email,display_name,role,is_active,tenant_id,created_at) VALUES ('559e7344050546098d39f541e6bd62b6','dosen2','dosen2@school.com','Dr. Maya Sari','instructor',1,'t_default','2026-01-15 08:00:00');
INSERT OR IGNORE INTO users (id,username,email,display_name,role,is_active,tenant_id,created_at) VALUES ('924b0c652f53489a85c167c6adaccba9','mhs1','mhs1@school.com','Rina Amelia','student',1,'t_default','2026-01-15 08:00:00');
INSERT OR IGNORE INTO users (id,username,email,display_name,role,is_active,tenant_id,created_at) VALUES ('350d395e4f0b45b68edbf100116e68f4','mhs2','mhs2@school.com','Rio Hidayat','student',1,'t_default','2026-01-15 08:00:00');
INSERT OR IGNORE INTO users (id,username,email,display_name,role,is_active,tenant_id,created_at) VALUES ('08200bcb996e4912bad5b9f9acdf336b','ortu1','ortu1@school.com','Ibu Sari','ta',1,'t_default','2026-01-15 08:00:00');
INSERT OR IGNORE INTO academic_periods (id,tenant_id,name,start_date,end_date,is_active,created_at) VALUES ('ap_2425','t_default','2024/2025','2024-07-01','2025-06-30',0,'2026-01-15 08:00:00');
INSERT OR IGNORE INTO academic_periods (id,tenant_id,name,start_date,end_date,is_active,created_at) VALUES ('ap_2526','t_default','2025/2026','2025-07-01','2026-06-30',1,'2026-01-15 08:00:00');
INSERT OR IGNORE INTO grade_levels (id,tenant_id,name,sequence,semester_count,created_at) VALUES ('gl_10','t_default','Kelas X',10,2,'2026-01-15 08:00:00');
INSERT OR IGNORE INTO grade_levels (id,tenant_id,name,sequence,semester_count,created_at) VALUES ('gl_11','t_default','Kelas XI',11,2,'2026-01-15 08:00:00');
INSERT OR IGNORE INTO grade_levels (id,tenant_id,name,sequence,semester_count,created_at) VALUES ('gl_12','t_default','Kelas XII',12,2,'2026-01-15 08:00:00');
INSERT OR IGNORE INTO majors (id,tenant_id,name,code,type,created_at) VALUES ('m_ipa','t_default','IPA','IPA','academic','2026-01-15 08:00:00');
INSERT OR IGNORE INTO majors (id,tenant_id,name,code,type,created_at) VALUES ('m_ips','t_default','IPS','IPS','academic','2026-01-15 08:00:00');
INSERT OR IGNORE INTO classes (id,tenant_id,grade_level_id,major_id,name,academic_period_id,created_at) VALUES ('c_10a','t_default','gl_10','m_ipa','X-A','ap_2526','2026-01-15 08:00:00');
INSERT OR IGNORE INTO classes (id,tenant_id,grade_level_id,major_id,name,academic_period_id,created_at) VALUES ('c_10b','t_default','gl_10','m_ips','X-B','ap_2526','2026-01-15 08:00:00');
INSERT OR IGNORE INTO classes (id,tenant_id,grade_level_id,major_id,name,academic_period_id,created_at) VALUES ('c_11a','t_default','gl_11','m_ipa','XI-A','ap_2526','2026-01-15 08:00:00');
INSERT OR IGNORE INTO classes (id,tenant_id,grade_level_id,major_id,name,academic_period_id,created_at) VALUES ('c_12a','t_default','gl_12','m_ipa','XII-A','ap_2526','2026-01-15 08:00:00');
INSERT OR IGNORE INTO subjects (id,tenant_id,name,code,created_at) VALUES ('s_mtk','t_default','Matematika Wajib','MTK','2026-01-15 08:00:00');
INSERT OR IGNORE INTO subjects (id,tenant_id,name,code,created_at) VALUES ('s_ipa','t_default','IPA','IPA','2026-01-15 08:00:00');
INSERT OR IGNORE INTO subjects (id,tenant_id,name,code,created_at) VALUES ('s_fisika','t_default','Fisika','FIS','2026-01-15 08:00:00');
INSERT OR IGNORE INTO subjects (id,tenant_id,name,code,created_at) VALUES ('s_kimia','t_default','Kimia','KIM','2026-01-15 08:00:00');
INSERT OR IGNORE INTO subjects (id,tenant_id,name,code,created_at) VALUES ('s_bio','t_default','Biologi','BIO','2026-01-15 08:00:00');
INSERT OR IGNORE INTO subjects (id,tenant_id,name,code,created_at) VALUES ('s_ing','t_default','Bahasa Inggris','BING','2026-01-15 08:00:00');
INSERT OR IGNORE INTO subjects (id,tenant_id,name,code,created_at) VALUES ('s_ind','t_default','Bahasa Indonesia','BIND','2026-01-15 08:00:00');
INSERT OR IGNORE INTO class_subjects (id,tenant_id,class_id,subject_id,teacher_id,semester,status,created_at) VALUES ('cs_0','t_default','c_10a','s_mtk','21f2215633f242b7b9314dc78d2562d3','2','active','2026-01-15 08:00:00');
INSERT OR IGNORE INTO class_subjects (id,tenant_id,class_id,subject_id,teacher_id,semester,status,created_at) VALUES ('cs_1','t_default','c_10a','s_ipa','1105159d77384c639afe85d52bf9f9ff','2','active','2026-01-15 08:00:00');
INSERT OR IGNORE INTO class_subjects (id,tenant_id,class_id,subject_id,teacher_id,semester,status,created_at) VALUES ('cs_2','t_default','c_10a','s_ing','f4d860c2394c432aa80a24ed86efa69a','2','active','2026-01-15 08:00:00');
INSERT OR IGNORE INTO class_subjects (id,tenant_id,class_id,subject_id,teacher_id,semester,status,created_at) VALUES ('cs_3','t_default','c_10a','s_ind','f4d860c2394c432aa80a24ed86efa69a','2','active','2026-01-15 08:00:00');
INSERT OR IGNORE INTO class_subjects (id,tenant_id,class_id,subject_id,teacher_id,semester,status,created_at) VALUES ('cs_4','t_default','c_10b','s_mtk','21f2215633f242b7b9314dc78d2562d3','2','active','2026-01-15 08:00:00');
INSERT OR IGNORE INTO class_subjects (id,tenant_id,class_id,subject_id,teacher_id,semester,status,created_at) VALUES ('cs_5','t_default','c_10b','s_ipa','1105159d77384c639afe85d52bf9f9ff','2','active','2026-01-15 08:00:00');
INSERT OR IGNORE INTO class_subjects (id,tenant_id,class_id,subject_id,teacher_id,semester,status,created_at) VALUES ('cs_6','t_default','c_10b','s_ing','f4d860c2394c432aa80a24ed86efa69a','2','active','2026-01-15 08:00:00');
INSERT OR IGNORE INTO class_subjects (id,tenant_id,class_id,subject_id,teacher_id,semester,status,created_at) VALUES ('cs_7','t_default','c_10b','s_ind','f4d860c2394c432aa80a24ed86efa69a','2','active','2026-01-15 08:00:00');
INSERT OR IGNORE INTO class_subjects (id,tenant_id,class_id,subject_id,teacher_id,semester,status,created_at) VALUES ('cs_8','t_default','c_11a','s_mtk','21f2215633f242b7b9314dc78d2562d3','2','active','2026-01-15 08:00:00');
INSERT OR IGNORE INTO class_subjects (id,tenant_id,class_id,subject_id,teacher_id,semester,status,created_at) VALUES ('cs_9','t_default','c_11a','s_ipa','1105159d77384c639afe85d52bf9f9ff','2','active','2026-01-15 08:00:00');
INSERT OR IGNORE INTO class_subjects (id,tenant_id,class_id,subject_id,teacher_id,semester,status,created_at) VALUES ('cs_10','t_default','c_11a','s_ing','f4d860c2394c432aa80a24ed86efa69a','2','active','2026-01-15 08:00:00');
INSERT OR IGNORE INTO class_subjects (id,tenant_id,class_id,subject_id,teacher_id,semester,status,created_at) VALUES ('cs_11','t_default','c_11a','s_ind','f4d860c2394c432aa80a24ed86efa69a','2','active','2026-01-15 08:00:00');
INSERT OR IGNORE INTO class_subjects (id,tenant_id,class_id,subject_id,teacher_id,semester,status,created_at) VALUES ('cs_12','t_default','c_12a','s_mtk','21f2215633f242b7b9314dc78d2562d3','2','active','2026-01-15 08:00:00');
INSERT OR IGNORE INTO class_subjects (id,tenant_id,class_id,subject_id,teacher_id,semester,status,created_at) VALUES ('cs_13','t_default','c_12a','s_ipa','1105159d77384c639afe85d52bf9f9ff','2','active','2026-01-15 08:00:00');
INSERT OR IGNORE INTO class_subjects (id,tenant_id,class_id,subject_id,teacher_id,semester,status,created_at) VALUES ('cs_14','t_default','c_12a','s_ing','f4d860c2394c432aa80a24ed86efa69a','2','active','2026-01-15 08:00:00');
INSERT OR IGNORE INTO class_subjects (id,tenant_id,class_id,subject_id,teacher_id,semester,status,created_at) VALUES ('cs_15','t_default','c_12a','s_ind','f4d860c2394c432aa80a24ed86efa69a','2','active','2026-01-15 08:00:00');
INSERT OR IGNORE INTO faculties (id,tenant_id,name,code,created_at) VALUES ('f_ftik','t_default','Fakultas Teknologi Informasi & Komunikasi','FTIK','2026-01-15 08:00:00');
INSERT OR IGNORE INTO faculties (id,tenant_id,name,code,created_at) VALUES ('f_fe','t_default','Fakultas Ekonomi','FE','2026-01-15 08:00:00');
INSERT OR IGNORE INTO study_programs (id,tenant_id,faculty_id,name,code,degree_type,created_at) VALUES ('sp_ti','t_default','f_ftik','Teknik Informatika','TI','S1','2026-01-15 08:00:00');
INSERT OR IGNORE INTO study_programs (id,tenant_id,faculty_id,name,code,degree_type,created_at) VALUES ('sp_si','t_default','f_ftik','Sistem Informasi','SI','S1','2026-01-15 08:00:00');
INSERT OR IGNORE INTO study_programs (id,tenant_id,faculty_id,name,code,degree_type,created_at) VALUES ('sp_ak','t_default','f_fe','Akuntansi','AK','S1','2026-01-15 08:00:00');
INSERT OR IGNORE INTO exam_types (id,tenant_id,name,code,description,created_at) VALUES ('ext_uts','t_default','UTS','UTS','Mid Term','2026-01-15 08:00:00');
INSERT OR IGNORE INTO exam_types (id,tenant_id,name,code,description,created_at) VALUES ('ext_uas','t_default','UAS','UAS','Final Exam','2026-01-15 08:00:00');
INSERT OR IGNORE INTO payment_methods (id,tenant_id,name,code,provider,is_active,created_at) VALUES ('pm_tf','t_default','Transfer Bank','BANK_TRANSFER','bank',1,'2026-01-15 08:00:00');
INSERT OR IGNORE INTO payment_methods (id,tenant_id,name,code,provider,is_active,created_at) VALUES ('pm_va','t_default','Virtual Account','VIRTUAL_ACCOUNT','bca',1,'2026-01-15 08:00:00');
INSERT OR IGNORE INTO fee_structures (id,tenant_id,name,code,amount,fee_type,academic_year,semester,is_active,created_at) VALUES ('fs_spp','t_default','SPP Bulanan','SPP',250000,'spp','2025/2026',1,1,'2026-01-15 08:00:00');
INSERT OR IGNORE INTO fee_structures (id,tenant_id,name,code,amount,fee_type,academic_year,semester,is_active,created_at) VALUES ('fs_daf','t_default','Biaya Pendaftaran','DAFTAR',500000,'registration','2025/2026',1,1,'2026-01-15 08:00:00');
INSERT OR IGNORE INTO survey_templates (id,tenant_id,name,description,survey_type,is_anonymous,is_active,created_at) VALUES ('sv_kep','t_default','Survey Kepuasan Siswa','Semester Genap 2025/2026','kepuasan',0,1,'2026-01-15 08:00:00');
INSERT OR IGNORE INTO school_levels (id, tenant_id, name, slug, education_level, created_at) VALUES ('sl_sma', 't_default', 'SMA', 'sma', 'high_school', '2026-01-15 08:00:00');
INSERT OR IGNORE INTO academic_periods (id, name, type, start_date, end_date, is_active, created_at, tenant_id) VALUES ('ap_2425', '2024/2025', 'semester', '2024-07-01', '2025-06-30', 0, '2026-01-15 08:00:00', 't_default');
INSERT OR IGNORE INTO academic_periods (id, name, type, start_date, end_date, is_active, created_at, tenant_id) VALUES ('ap_2526', '2025/2026', 'semester', '2025-07-01', '2026-06-30', 1, '2026-01-15 08:00:00', 't_default');
INSERT OR IGNORE INTO grade_levels (id, tenant_id, school_level_id, name, sequence, semester_count, created_at) VALUES ('gl_10', 't_default', 'sl_sma', 'Kelas X', 10, 2, '2026-01-15 08:00:00');
INSERT OR IGNORE INTO grade_levels (id, tenant_id, school_level_id, name, sequence, semester_count, created_at) VALUES ('gl_11', 't_default', 'sl_sma', 'Kelas XI', 11, 2, '2026-01-15 08:00:00');
INSERT OR IGNORE INTO grade_levels (id, tenant_id, school_level_id, name, sequence, semester_count, created_at) VALUES ('gl_12', 't_default', 'sl_sma', 'Kelas XII', 12, 2, '2026-01-15 08:00:00');
